,A,B,C,D
2000-01-01,2.01451033349,0.789944289851,-0.301766337023,1.17595293992
2000-01-02,1.27815588184,-0.332712479826,-1.96256792672,0.916520530024
2000-01-03,0.145005053837,2.24506965127,0.336034808303,0.396844170854
2000-01-04,1.15559670137,0.648061614241,0.371695534297,1.33973515713
2000-01-05,-0.483881485206,0.277721256219,-1.75910009032,-0.605691586928
2000-01-06,1.12764038722,1.20227723447,0.104334680063,-0.852811038952
2000-01-07,-1.35184648899,-1.55035511754,1.0986380591,-1.57877343815
2000-01-08,0.0458927028696,0.39568967754,-0.126864063712,1.00932532891
2000-01-09,0.759160017353,-0.112585022622,0.394279333248,1.74387529395
2000-01-10,-0.932670895944,0.771337264811,-0.452995040215,-1.75699036838
2000-01-11,-0.0992405401089,0.0714694922078,-0.0623115008477,-0.599303486164
2000-01-12,0.112933357847,-1.09601495223,0.890995530291,1.12668550776
2000-01-13,-0.138911374006,-0.188251032202,1.69216860959,0.290659548491
2000-01-14,-0.53050478032,0.740241411092,0.47766786999,0.424134577248
2000-01-15,-0.264950272038,1.83200367228,-1.07192858068,0.601802482173
2000-01-16,0.220439823582,-0.182626786434,-1.37158555826,-1.71980189863
2000-01-17,0.107368818931,0.859503375218,1.16314198698,1.33117717858
2000-01-18,-0.638527273123,1.77836593354,-0.746972965463,1.675121032
2000-01-19,0.114528815385,0.787895653346,0.626867030095,1.10985179792
2000-01-20,0.676151821663,-0.492222080572,-0.601056581125,1.24598321265
2000-01-21,0.684089334088,1.30402603153,-0.501839828389,0.885426382495
2000-01-22,0.985985892992,-0.0551096656116,1.03150643314,-0.688286811266
2000-01-23,-0.958461392153,-0.978983669987,0.600812491457,-0.734636586476
2000-01-24,0.656775168377,-0.0598752942465,0.162449832817,2.12230821262
2000-01-25,-0.224607912853,-1.03815723494,-0.117005907845,0.801428584565
2000-01-26,-0.755925588674,-1.96656737181,0.993515578195,1.38997082478
2000-01-27,-0.791143501701,0.20248354574,-1.66087982778,0.513759832915
2000-01-28,-1.45683049965,0.389090757431,-0.672385745596,1.49790946891
2000-01-29,0.645503812897,2.11206752236,-2.31950671348,-0.42840560899
2000-01-30,0.276143637669,0.760323212032,0.869711626643,-1.4100250549
2000-01-31,-0.546664368582,-0.110159209721,-0.601022064114,0.955098224711
2000-02-01,1.58339298088,1.29096395234,0.289176703324,-1.0078882081
2000-02-02,1.14309936664,-1.27707477675,-1.25871624993,0.0147160367176
2000-02-03,1.36749750982,2.41027247802,1.4926143364,0.301324781535
2000-02-04,0.101818813601,-1.62323243784,1.61779322752,0.433209348694
2000-02-05,0.564194667749,0.376559176113,-0.870390864105,0.265551104103
2000-02-06,-0.602686053627,0.835432540944,-0.60180364592,-1.35994789193
2000-02-07,-1.76748940032,-1.38681271771,-0.207753561448,0.203003061945
2000-02-08,-2.43473838087,0.387758401123,-0.42420617561,0.747539218134
2000-02-09,-0.196146383016,1.49615095964,0.0610520891252,-0.943557103758
2000-02-10,0.929689354739,1.27440343703,0.522835351692,-0.21908604322
2000-02-11,0.649920120321,0.371348042147,-1.72644881772,1.07109031278
2000-02-12,-0.343544521176,0.373966346485,-0.00520175776816,-0.543248910594
2000-02-13,1.11847125886,0.251433163891,-1.33954933011,0.409359132544
2000-02-14,-0.308027293265,1.51553976412,0.64327748438,0.361981051851
2000-02-15,0.839312104139,-0.313003340635,-0.85761318058,0.122527341001
2000-02-16,-1.00783715333,-0.243057377807,-0.861950599596,-0.618237856158
2000-02-17,0.798100619371,-1.05582598241,-2.04131374094,1.74946057982
2000-02-18,-1.04842035874,0.170471702354,-0.662452062194,0.0484173738719
2000-02-19,-1.15002838462,0.243145458287,-3.12547972727,0.668574305268
2000-02-20,0.90786809822,0.215156032528,2.05001280654,1.82247980016
2000-02-21,-0.212009280023,-0.135636360153,0.000848204368519,-0.405779088207
2000-02-22,-1.42844656515,-1.61471465092,-2.31345745295,-1.69008278222
2000-02-23,-1.53746508529,-0.425916342421,0.719967210124,0.227076227906
2000-02-24,0.40208881641,0.274597238553,1.18631375756,0.709497740935
2000-02-25,1.81357281998,-0.10074806808,0.968614038784,-1.69279197986
2000-02-26,-1.31298814264,-1.65941484843,1.60738889854,0.670274594761
2000-02-27,0.0462212226743,-0.384646468609,-0.730507636458,-0.914787583939
2000-02-28,0.859593821919,0.110821124605,0.627509828216,2.26765360537
2000-02-29,-2.16446212068,-0.790043807428,1.26044431818,1.91234109691
2000-03-01,1.32903474125,0.719807456756,1.27700085168,0.730689154474
2000-03-02,0.606471682597,-1.03670627659,0.311662525899,-0.325516972692
2000-03-03,0.0721406905122,1.41528742646,-1.22058125457,-1.41642748944
2000-03-04,-0.112186163686,-0.378863079382,-1.45457739221,-0.360629437314
2000-03-05,0.611143017971,-0.104510740655,0.415997836514,1.4107724992
2000-03-06,-2.40704654011,1.56906693781,0.48202560891,-0.144705503204
2000-03-07,0.671761553729,0.10031468235,0.817047872997,0.592950730073
2000-03-08,0.977119460597,-1.13017925619,0.330556074889,-0.612508183385
2000-03-09,-0.815515217172,-1.09092447394,0.0525117225365,-1.59673016989
2000-03-10,-1.67791740232,-0.713117729723,-0.249641036284,0.858265525389
2000-03-11,-1.09777155355,0.312023971305,-0.0424201437742,-0.558421486667
2000-03-12,-0.478955611857,-0.640081464962,-1.08135357495,-1.66438002417
2000-03-13,-1.14739018448,-1.04096902843,0.328765934224,0.474129823671
2000-03-14,-0.0196702746218,-0.646507808639,-0.295422968754,0.108408808948
2000-03-15,0.167142931784,0.112442929444,-0.261775325414,0.0118571047289
2000-03-16,-2.15066794787,1.30450764094,0.878590203869,0.82345445282
2000-03-17,-0.144169913496,1.06414574551,-0.253759349005,-1.18367960579
2000-03-18,0.657511666852,-1.64851171361,-1.66470910216,0.953212257751
2000-03-19,-1.5220160426,-0.911624266101,-0.152382381071,-0.247449517913
2000-03-20,1.26087709903,-0.533495581216,1.08126761881,0.690872637237
2000-03-21,0.60908408282,-0.11635231491,0.144432870955,-0.315837582407
2000-03-22,0.291411399825,2.82882328702,0.191823882682,-1.63733658003
2000-03-23,1.4658733718,-0.128224103352,-0.226659910923,-0.260896463592
2000-03-24,1.93193534526,1.25975057447,-1.09222226416,1.74870989602
2000-03-25,0.187994631378,-0.501401523803,1.17337877693,0.232528629173
2000-03-26,-1.31230818412,-1.58709701691,-0.613876532032,-0.211929337306
2000-03-27,0.496333536917,0.617229753742,0.403803642166,-0.869118439307
2000-03-28,-0.307003027097,-1.44010970565,-0.718616412993,2.16280766777
2000-03-29,-1.71052509423,1.38468970052,0.0692879531079,0.907617329293
2000-03-30,-0.290802079191,-0.16604193488,0.480990544592,-0.67755796406
2000-03-31,1.46119762659,0.77988402019,-0.0296156684664,-0.214197751636
2000-04-01,-1.56952253279,0.89605984337,1.74894803795,0.414528958037
2000-04-02,-0.581519876456,1.61136578211,0.609154386179,0.201339844852
2000-04-03,-0.00285481538676,-2.08605758745,0.659999581452,1.19973045788
2000-04-04,0.182106111125,1.05221462363,0.857432725471,-0.62274711102
2000-04-05,0.82348616842,-0.389292321272,1.30008235078,-1.7750153447
2000-04-06,1.11593701375,-1.17579484932,-0.0669126745978,0.641718621414
2000-04-07,-1.27071365418,1.11830963924,-1.92078700556,0.427035511441
2000-04-08,-0.667691587733,-0.777563029423,-0.032927386462,-1.02956871236
2000-04-09,0.368279905075,-0.0500035905662,0.351029188001,0.656016056965
2000-04-10,0.204109831255,-0.853635659917,-0.974451259269,0.58181355506
2000-04-11,1.0591591584,-0.755620722525,1.11378558095,0.976264405085
2000-04-12,-1.4252309174,-0.672489714183,-0.0314952440535,-0.38388309538
2000-04-13,2.13330832756,0.564536612847,-0.187105364571,0.701025476757
2000-04-14,-0.434618036817,-1.25527369526,0.444923219861,0.0656687353214
2000-04-15,0.705401794912,-0.19167759965,-0.150609621543,-0.338708733691
2000-04-16,-1.15542409411,-1.22308476843,0.683928539066,0.475798571055
2000-04-17,0.557796896915,-0.479534611262,-1.90862455109,-0.487483947463
2000-04-18,1.68979033795,1.9750955893,-0.932734265954,-0.835462448812
2000-04-19,0.361861538743,-0.104490368392,-0.060695949695,-1.15909463386
2000-04-20,0.36575195999,0.32823256195,0.350784801398,-0.7571397918
2000-04-21,-0.8689900897,-0.195548444709,-0.435738914569,-1.86397236454
2000-04-22,-0.42549622713,0.205723672813,0.967655706785,-1.44922523104
2000-04-23,0.877017642366,-0.729890999982,-1.63328577869,2.27121896477
2000-04-24,0.992786818703,0.421553654025,-0.73426677645,0.792753782259
2000-04-25,0.52315762662,1.88201105417,-0.223855532175,-1.11315534904
2000-04-26,1.00458273992,-0.0751436320087,1.88083065588,0.86006776819
2000-04-27,1.4536518172,-0.0814254011633,-0.765063855594,-0.581321415428
2000-04-28,0.409137164742,-0.143588982021,-0.455442950579,-0.0833787360817
2000-04-29,0.955127498502,-0.437424157987,-1.90702505414,-0.507332404126
2000-04-30,0.741923394635,1.98425347042,0.00550615090985,0.237710507557
2000-05-01,0.223066377712,0.996517701139,0.935564222648,0.0754336434614
2000-05-02,-0.926865676872,-1.45438075588,-1.14020735942,-1.47020777462
2000-05-03,-0.177463711885,-1.32444163512,-0.680262838799,-0.375530811364
2000-05-04,-1.18458723386,0.287582450598,0.929194602816,-0.582676796481
2000-05-05,0.299432477709,0.275005620162,-0.222427846694,1.16727638731
2000-05-06,-0.244633144592,-0.557290876081,-0.762727562649,0.183599625752
2000-05-07,1.45386688937,-0.0632036458416,-0.914067080879,-0.905674933199
2000-05-08,-0.306646354962,0.393252111267,-0.396614778666,1.48227440762
2000-05-09,-0.205522030562,0.635848176879,-0.526118045425,-1.60065776273
2000-05-10,-0.187766855603,0.392548189255,-2.00733637563,0.558351980434
2000-05-11,-0.505871681341,-1.03695767172,1.05455248974,0.131043191118
2000-05-12,1.17220573128,1.10776415459,-2.38657324621,-0.901849515353
2000-05-13,0.290340863046,0.177921720687,1.12457862146,1.12971577941
2000-05-14,1.09623700617,-1.26976494176,0.632476963753,-0.162551094934
2000-05-15,0.458548978132,0.125420724129,-0.553374960498,-0.116442337365
2000-05-16,-0.352712136959,0.850293281088,0.260573576746,-0.426051026226
2000-05-17,0.90584001676,0.021041005149,0.265231272599,1.46794565533
2000-05-18,-0.853613438554,-0.865165201748,-1.27524533632,-1.44717266844
2000-05-19,-0.323960042739,-1.16077971452,0.0457066807299,0.725618239684
2000-05-20,0.301387230985,-0.681627397712,-0.253220729932,-0.203931087498
2000-05-21,0.558303964734,0.035276680605,1.25482913099,-0.523700909479
2000-05-22,-1.19388982791,0.270425958272,1.26774703585,-0.844402856007
2000-05-23,1.17784016567,-0.566365280616,-1.94158755398,-0.346053080659
2000-05-24,-0.308742845849,-0.0990719673788,-0.684434820274,1.39143073673
2000-05-25,-0.316254074391,0.664097124163,0.0620678250483,1.60725042121
2000-05-26,0.0403896450113,-0.788845366661,2.52510538564,-0.92786378809
2000-05-27,-1.61047065651,-0.94474187437,-2.21884112246,-0.626299841307
2000-05-28,1.52932035381,-0.678592109404,-1.63213674945,2.63305909267
2000-05-29,1.22145224602,0.546681253553,-0.587861533792,-0.796051227446
2000-05-30,0.274271059338,0.130550394916,-0.198480603022,0.320135063798
2000-05-31,-0.408049378074,0.944027612835,0.0266422656599,-0.24800322239
2000-06-01,0.430605010414,0.568625841472,0.566912372001,-0.0669014141365
2000-06-02,0.738513649276,-1.15068481566,1.71039218015,2.6478625638
2000-06-03,-1.14943839812,-0.377477524415,1.05103190362,0.875245805274
2000-06-04,-0.400152963188,-0.10549328772,-0.656273460248,-1.4314113558
2000-06-05,0.753636339633,-0.985080110807,0.45157938653,1.20330079886
2000-06-06,-0.412340431311,0.0510303373962,-0.394029948514,0.905319971873
2000-06-07,-2.04419578073,0.671885709884,0.123475889379,-1.01845529459
2000-06-08,-2.96894387174,0.144878607769,-1.7116649494,-0.814506426256
2000-06-09,0.383090698602,-0.888736551464,-0.892874804407,-0.138563729383
2000-06-10,0.0754038755419,-0.514612686959,-0.447205603715,2.4276685282
2000-06-11,1.76112652716,0.266404427891,1.64762818925,-0.828347484773
2000-06-12,-0.63156840363,-1.32131693782,-0.779610962823,-0.237137357976
2000-06-13,0.736522261502,-1.32084651284,0.959090682007,-1.08038410492
2000-06-14,0.43873520126,2.23026970433,0.144168127442,0.209918943365
2000-06-15,1.51802500905,-1.16548783677,-0.816377089774,-1.5886468579
2000-06-16,-0.388407043647,-2.55083868213,-0.596034168374,-0.556770697973
2000-06-17,-0.295981029141,-0.788645750079,0.525570308031,-0.359047678446
2000-06-18,0.381668558817,0.0664847604413,1.03964773709,0.58966154994
2000-06-19,0.809391746668,0.348963419046,0.360952725458,-0.0185777773694
2000-06-20,-0.284921120395,0.181178574102,-1.03118139328,-1.94170377629
2000-06-21,-0.305804662392,-0.465067165192,-0.597537261164,1.04032815039
2000-06-22,1.92620919459,-1.11787885871,1.27125091543,0.121917520825
2000-06-23,0.113742168956,0.893016367984,0.0558271712605,0.596575482365
2000-06-24,0.063623686529,-1.59377350649,0.516726377914,0.834649355704
2000-06-25,1.42623291275,-0.8571422648,-0.82740465642,0.0607493167564
2000-06-26,-1.49411492142,1.17523271982,0.834034623042,-0.846628641598
2000-06-27,0.402066888107,-0.177328698926,-0.933424142676,0.59647994086
2000-06-28,1.48603485835,-1.53554582627,1.41565561564,-0.738091293695
2000-06-29,0.653745569693,0.490784092979,-0.653466783189,0.0206814150425
2000-06-30,0.93773850444,-0.824876917608,0.117653970238,-1.03843127694
2000-07-01,-0.351283461762,-0.274733168487,1.08093274181,-0.785810862545
2000-07-02,-0.617158163668,0.500304514567,-1.17767499093,0.490128339658
2000-07-03,-2.38658645271,1.26019420164,0.842880752531,-0.120464094348
2000-07-04,1.13649653329,1.48663637786,2.71902560742,0.361707623428
2000-07-05,-0.154554156203,0.181154593566,-1.39287071657,-0.633612513189
2000-07-06,1.35298138909,1.039072878,0.339325408386,0.270397961733
2000-07-07,0.727479578998,0.531055216753,-2.26118115135,-2.01484781515
2000-07-08,0.292498788724,-0.855964092589,-1.00868691849,-0.464041050836
2000-07-09,0.179635571797,0.597112285055,-0.459343484826,0.690051540607
2000-07-10,-0.0715145029452,0.585400512008,0.478430894078,-0.124207794078
2000-07-11,2.39858414525,0.230616512892,0.308015785959,0.577334980984
2000-07-12,-1.16944872257,-0.567832825388,1.09911239977,-0.671882025766
2000-07-13,0.75818476782,-0.33061762788,0.423599118754,-0.692980341682
2000-07-14,1.26253279266,1.56451908367,-1.64768932282,-0.509129089401
2000-07-15,0.0669000914907,-2.14411369117,0.837287475576,3.00470246775
2000-07-16,-1.90771280762,1.28056376857,1.45125811162,0.0219932362979
2000-07-17,0.383130184423,0.133509013188,0.707828763012,0.419427946662
2000-07-18,1.21006690047,-0.118360286128,-0.372056236608,-1.32279570611
2000-07-19,1.06734113769,-1.20374923533,1.49339907256,-2.03932803686
2000-07-20,0.366887602344,-1.388468493,-1.18679420233,0.14610292034
2000-07-21,-0.0906354194872,2.07805091868,0.573942174795,1.51805001909
2000-07-22,0.539946130191,-1.05212170452,-1.58220283307,-0.669852878514
2000-07-23,-1.07074629172,0.0021925002768,2.30619312433,-0.90815942589
2000-07-24,0.575147521639,-0.234089347158,-0.39558899114,-1.36471701623
2000-07-25,-0.370922463041,-1.65573947999,0.488895547672,-1.33254323829
2000-07-26,0.965401160838,-0.940668890879,1.42805220652,0.559830306194
2000-07-27,0.26694992152,-0.72153480451,-2.97201576897,0.759459386843
2000-07-28,-0.0900403517547,0.535365855009,0.0156987445393,-1.18739367249
2000-07-29,-0.52583890635,0.00245294448425,-1.09771237962,-1.4990732848
2000-07-30,-0.289064139674,-0.182059474661,1.20252134394,-0.813161816412
2000-07-31,0.603811833112,-0.165063012072,0.769129371123,-0.731663295891
2000-08-01,0.810175122136,-0.380264636227,-0.859589470238,0.507502782386
2000-08-02,0.621943721218,1.14756678372,-1.12072099555,-2.16858254617
2000-08-03,-1.19942771341,-0.671124804372,-0.828802807311,-0.125553491098
2000-08-04,-0.281522953065,-1.2491208744,-0.842860701733,0.118023125991
2000-08-05,-1.16115202379,0.769422472363,1.45364436105,-0.540184984505
2000-08-06,0.141775193981,0.745355967322,-0.205583255838,-0.715540582855
2000-08-07,0.20732157194,0.738040011362,0.828729789754,-0.394490085953
2000-08-08,1.21604958611,0.571466656992,-1.116079961,-0.757801949426
2000-08-09,1.49001864935,0.44009441928,-0.56051980674,1.30989664879
2000-08-10,0.341256375382,0.295532573035,-0.636577149545,1.01286461074
2000-08-11,-0.429805257629,-0.792771008804,-0.983213081693,-0.189558338481
2000-08-12,0.723262608793,-0.27706505023,-0.399643983538,0.440279719262
2000-08-13,0.898939312358,0.00754173943643,1.43046122021,-0.388036609404
2000-08-14,0.985945816956,0.784145279797,0.971552604537,-1.03972903767
2000-08-15,0.160238857644,1.5077860193,2.20087400452,-1.05331939064
2000-08-16,1.04886744125,1.20778807285,0.462215675299,-0.225479184758
2000-08-17,0.490411729537,1.24629261328,2.5534765493,1.03293129919
2000-08-18,-2.41504797956,0.744127650326,1.26852128719,-0.434599905056
2000-08-19,-1.93495581309,-2.10723029204,0.640415894974,2.21613526426
2000-08-20,-0.43510225184,1.13231159758,1.40950701733,1.13099650675
2000-08-21,0.110611519181,0.740187199852,-0.672005422486,-0.814524120032
2000-08-22,-0.827624420648,-0.775670222535,-0.0928012494746,-0.00173664851803
2000-08-23,-1.05081754137,0.190563930335,0.182246994308,0.629805015773
2000-08-24,-0.429505619001,-0.730298793233,1.33567731999,-0.37204493975
2000-08-25,0.973932841057,0.609900996468,-1.30745927475,-1.22745350815
2000-08-26,-2.20369667427,0.824656441467,-0.88384414729,0.310997283547
2000-08-27,0.436275828148,1.88089691441,0.388791465325,-0.173705715854
2000-08-28,-0.758198429502,0.01978382343,-0.421957824025,0.554458730483
2000-08-29,-0.127344266021,0.794733130639,-0.380095970707,-0.729275754788
2000-08-30,-0.157258260076,0.539078788252,-1.00145681703,-0.519070613426
2000-08-31,-0.848264423373,0.0650283282056,1.67674756869,-2.51997394489
2000-09-01,1.06880791979,-0.501311576029,0.463587433486,0.88036528195
2000-09-02,-1.94489927727,-0.0978128289216,0.548496162413,-1.67280757562
2000-09-03,-0.334487256805,-0.0965102488931,0.00355757848093,-1.26619313593
2000-09-04,0.132538413434,-1.18780530572,-1.95297286998,1.32714624456
2000-09-05,-0.324638040043,0.0523394150834,0.456116046352,-0.532604210139
2000-09-06,-1.72079633838,0.477814845146,-1.09320937928,0.844305583871
2000-09-07,-0.591868562444,0.548052444656,0.787463894427,-1.80797871254
2000-09-08,0.00569819874824,0.211903049817,-3.1245414555,0.231991278619
2000-09-09,-0.776623665081,0.752436990037,0.28117270986,-0.73242837989
2000-09-10,0.0486472666405,0.314584822218,-1.97130731431,-0.0853835682254
2000-09-11,-0.234779274214,-0.638504797787,-0.302557352005,-0.954110293231
2000-09-12,-0.455593867095,-0.750987563042,-1.10534947874,-1.33532428394
2000-09-13,-1.30961863365,1.29194032787,0.05622149955,-2.12498016735
2000-09-14,1.18227756397,0.889850572331,-2.00588591936,-2.12415186717
2000-09-15,0.62993459701,-0.781784170269,-0.469741536277,1.96410212447
2000-09-16,-0.18356079344,-0.0586623226824,-2.52552386801,0.00697363668385
2000-09-17,-0.682592265382,-1.11264177424,2.13319133088,-0.037353911132
2000-09-18,-0.478404026832,0.615595323333,0.412415589824,1.57228296131
2000-09-19,0.493356891168,-1.12588660604,-1.38152368517,0.599120470699
2000-09-20,0.62985937776,1.60854828941,-0.985535372515,0.520298588635
2000-09-21,-0.340057805719,-0.758313918401,0.704458339819,1.52404970117
2000-09-22,-0.580623883734,0.487310057632,1.05959643536,-0.225659754662
2000-09-23,0.354102937059,-0.689118797339,-2.50993946526,-0.349169021399
2000-09-24,2.28412035123,-1.55047981496,1.58960300633,0.742535334034
2000-09-25,0.564048680204,-1.67199841009,0.822006232496,-1.08662024725
2000-09-26,0.520311257152,0.880576151844,-0.116044210456,0.0529011603058
2000-09-27,0.972527749669,0.389564304896,0.11906600902,-0.467695103671
2000-09-28,-0.246589919514,-0.466907664815,-1.937269858,-1.11321006622
2000-09-29,-0.66912013982,-0.829425948856,0.134750919227,0.603899686134
2000-09-30,-0.398374889175,-0.751860687274,0.19892255362,-1.84089909675
2000-10-01,-0.531765953814,-1.11467616012,-0.305194677806,-0.453322559484
2000-10-02,1.46927419512,0.648621236912,-1.02901245434,0.747351333877
2000-10-03,-0.039767242365,0.306593487395,0.253836532,1.5419385686
2000-10-04,0.310066292975,0.37983053438,0.115495669114,0.27198352914
2000-10-05,0.476538982695,0.242683311334,-0.0285512137896,0.836829480225
2000-10-06,-0.0834395182417,-0.565623706063,-0.600177342555,-1.05292976966
2000-10-07,0.102401836727,0.440292926572,0.40106690622,-1.28217380377
2000-10-08,-0.586015598756,1.31539994761,2.18038383498,-0.254060811674
2000-10-09,2.02779951337,0.311124928996,0.798275232763,1.12346189208
2000-10-10,-0.301508734945,-0.168435586872,2.4386374204,1.37365327084
2000-10-11,0.634328864951,1.70619679693,-1.1346243535,0.429672128369
2000-10-12,0.465601340359,-0.0937051126515,-0.696374950192,-0.513957501759
2000-10-13,0.116407548958,-0.0710068795972,2.05670906558,1.25148766447
2000-10-14,-0.751669723059,-0.844108832203,-0.243482888787,-2.28050860808
2000-10-15,2.0502835834,-2.42283731092,-0.554060525556,-0.283295142995
2000-10-16,-1.18196775218,0.426987608408,-0.565953737889,-0.586150440566
2000-10-17,0.0502459127536,-0.294294318989,2.23663637219,-0.593257966944
2000-10-18,0.110466252537,-0.590482534988,0.248612234298,-0.258033739971
2000-10-19,-0.471083430541,-0.796521536744,0.97981136091,1.86933177848
2000-10-20,-0.84794369641,-0.848246030866,-0.769239037703,-1.73999635233
2000-10-21,0.941786074984,-0.236075510237,-0.219373013724,0.516693294012
2000-10-22,-0.072284022058,-0.16279328266,-0.457529452798,1.27111169854
2000-10-23,-0.127132102109,2.45538268406,1.65624041807,0.079954161643
2000-10-24,0.00359241113183,-1.41160194992,0.0103153981507,0.828078232277
2000-10-25,1.18334825408,-1.44782330722,0.212325179389,-2.10504466996
2000-10-26,-0.546446657637,-0.586828580836,-0.871558000259,0.493296157041
2000-10-27,0.92680075877,-1.58986209657,0.569453564417,1.58216162931
2000-10-28,-0.49647754531,-0.0561190517275,0.808463938521,-0.258763265655
2000-10-29,0.12414421526,0.695332926013,0.136177469869,-1.21677156668
2000-10-30,-1.60419164523,0.792263989708,-0.88643948015,-0.992921248526
2000-10-31,-0.184596820259,0.679888838007,2.61473562883,-1.31661433449
2000-11-01,-0.792521845116,0.477257806804,0.913794579354,0.504031869634
2000-11-02,0.304864401961,-1.29938294444,1.14956531692,1.59287464815
2000-11-03,-0.470818255163,-1.57199967143,1.79141405448,-0.812451439826
2000-11-04,0.294764452976,1.11021019943,0.290161509282,-1.13782780627
2000-11-05,0.893857234904,0.0670393069581,-0.582703821763,0.387113554312
2000-11-06,0.506463618776,-0.659899340157,-0.298225784715,-1.20000090719
2000-11-07,0.197149307835,0.882364332569,0.797234702436,-2.68429284989
2000-11-08,-0.39915022381,0.650561426548,-1.00353972509,1.62380027064
2000-11-09,1.68966901839,-0.186830632083,0.124143890335,0.294974913803
2000-11-10,-0.0639745568986,-0.249846757051,-2.25236709271,-0.426930096234
2000-11-11,0.263865683054,0.190526881268,-0.21202825955,1.38527974869
2000-11-12,-0.244135989233,0.308853572825,-0.578513900732,0.269264983812
2000-11-13,-0.0745771552451,-0.885514904244,-1.09350474648,-1.3543341306
2000-11-14,0.0570866654756,-0.464269275036,-1.09894959444,-0.594554554361
2000-11-15,0.306859417665,0.329879747018,2.26475441267,1.99052587544
2000-11-16,0.0740802507731,-1.43808113209,1.1205383716,-1.96962543533
2000-11-17,0.871716786185,-1.64216117769,1.81807422607,-0.19661425166
2000-11-18,-0.930239593273,0.488982851469,-0.509773134508,0.81755618885
2000-11-19,-0.432839849386,-0.547945657588,-0.284676947473,0.656343570944
2000-11-20,1.44217719864,-0.27734140771,-0.999441912275,-0.832341765162
2000-11-21,0.523849052199,-0.860231258636,-0.105746793712,-0.596956351669
2000-11-22,-1.05771502083,0.807950788189,0.727414907148,-0.607895528766
2000-11-23,0.341359714465,-1.26149982043,-0.357484855668,1.0004804121
2000-11-24,-0.178571660498,0.0680384377318,-2.2046403974,0.852625100572
2000-11-25,0.518290946221,0.60754666153,1.18255929824,-1.02258907227
2000-11-26,-1.81375493815,-0.700721625545,-1.49196917488,0.464958735225
2000-11-27,-2.28806193267,0.731001096907,0.592207458976,-0.0237800418623
2000-11-28,0.448649272488,-0.356720831442,-1.13674254406,0.892696567157
2000-11-29,-0.17644972181,0.455822556491,0.672992924046,-0.89200722542
2000-11-30,-0.312156940581,0.463605199031,0.41951751628,-0.820327844864
2000-12-01,-0.731711576776,1.2554835688,-0.321903458701,0.192058919013
2000-12-02,-0.328052793564,0.936407501434,0.52360637685,-0.0888351093354
2000-12-03,-2.23458703065,0.16079747655,-1.0710885475,0.486794665545
2000-12-04,1.19150684738,-1.02748025647,-1.12066284729,-2.80285218277
2000-12-05,1.47043981703,0.27157435654,1.51590872308,0.266030361577
2000-12-06,0.555074450678,0.426281346347,-0.109156513899,0.119348509205
2000-12-07,0.472427138531,1.23450436818,0.479593027923,-0.262554821155
2000-12-08,0.0502288807086,0.613951073081,0.656296446976,0.325507802457
2000-12-09,-0.713313472278,0.886893680757,1.06903468394,1.74540624942
2000-12-10,-0.104814533445,-0.118425942156,1.58797730791,-0.108300681864
2000-12-11,-0.142173301472,-1.26706157248,-0.471998802886,0.165081224008
2000-12-12,0.284711549475,-0.211364638178,-0.133139222514,-0.110935342554
2000-12-13,0.278057019155,-1.29986960397,-1.76387542864,0.339772727854
2000-12-14,-0.0109679335275,-0.0724972051006,-2.63403559295,-0.27042122459
2000-12-15,-1.35479769586,-0.269131250272,-2.39405099053,0.435478619327
2000-12-16,-0.817454911678,-1.55085262993,-0.39996378174,0.96833310415
2000-12-17,-1.93818587225,-0.0852631952602,0.18504707847,-1.48207363843
2000-12-18,-0.538893934381,1.49904682092,-0.523759529778,0.211844231637
2000-12-19,1.2621254226,-0.266826865908,0.415726058528,1.0270280614
2000-12-20,-1.70044288603,0.699657978509,-0.631452670236,0.625483153935
2000-12-21,-0.331826845254,0.245819633414,-0.215080824433,0.971100210854
2000-12-22,1.05494425086,-0.772158076287,1.35330517149,-1.37504667357
2000-12-23,0.543069421576,0.0351833276978,-0.501761830612,0.252131622628
2000-12-24,1.02364681988,1.28824107455,1.52518924524,-0.273088844416
2000-12-25,1.13313256058,0.599369910519,0.600291674887,0.446657793221
2000-12-26,-2.17951577744,-3.30202790354,1.9432042183,1.38667152494
2000-12-27,0.946980319372,2.40827893938,2.29728522779,0.6190415081
2000-12-28,0.422649500733,-0.252102027853,-0.0226988616348,0.162142610895
2000-12-29,-0.678315345483,0.863268128761,-0.488909577231,-0.928986702815
2000-12-30,1.34225256698,0.850704200493,-0.598954933259,-0.244934392021
2000-12-31,1.27318765842,-0.869869667701,0.770723425359,-0.938954828551
2001-01-01,-0.0263670673346,1.01796950991,0.474209524559,-0.289079222746
2001-01-02,-0.595378952217,-0.516462057269,-0.776361199402,0.522505570199
2001-01-03,-0.24925871038,0.988709509915,0.0790693381463,-0.545077035846
2001-01-04,0.911647061808,0.817258163412,-1.00290554189,-0.796363286858
2001-01-05,0.258481880195,-0.399362639667,1.28830371694,-0.216916007732
2001-01-06,-0.502179387001,0.312239310287,1.14088179164,-1.8368370329
2001-01-07,0.246585389774,-1.44692420226,-1.29465677513,2.26558895124
2001-01-08,-0.877038462573,-0.257341013318,-2.59847583318,-0.977713600001
2001-01-09,-0.608145636715,0.183873455221,0.743107545746,0.181672764124
2001-01-10,-2.42433136059,0.799774509225,-0.0294011822684,-0.799119038162
2001-01-11,-0.417109349006,-0.180005812247,-0.527009814378,1.02848686793
2001-01-12,1.08198861335,0.969473842083,0.580182047506,1.00224425226
2001-01-13,-0.347770023323,2.50661083486,0.44496067584,0.35059875376
2001-01-14,-0.844998246564,-1.02714019805,-0.798548364197,0.788576443156
2001-01-15,-0.155865081851,0.837721506981,0.92661164545,0.306615924511
2001-01-16,-0.19639606046,-0.258802792705,-0.0882727004751,-2.54475817297
2001-01-17,1.09070085296,-1.47566331898,0.797249093783,0.358522542617
2001-01-18,-1.54103728485,1.61572000181,-0.916728861477,1.49344043277
2001-01-19,1.28725275564,-0.127809787929,0.306467412614,1.0529269618
2001-01-20,0.148499496583,-1.12361749063,-0.813502926263,0.421377972021
2001-01-21,-0.170966878096,-1.20205025621,0.106101629048,-0.106825350463
2001-01-22,1.18071553978,1.52268448674,0.87392562973,-0.274481575813
2001-01-23,-0.196306865537,1.67076106306,0.589617348045,-0.688145162724
2001-01-24,-0.52257227102,1.01343481067,0.823807773316,0.184072514465
2001-01-25,0.447811315271,-0.546092565311,-0.453716454745,1.05167217529
2001-01-26,0.767121895642,-0.385132527034,-0.0467685964261,-1.4449106493
2001-01-27,0.0136166821714,0.655903273122,0.166004632607,-0.34621438869
2001-01-28,0.545215858373,2.12444564519,-0.00850569147369,0.108927009559
2001-01-29,0.113725308625,0.0285055600034,-0.884195112863,2.15276814242
2001-01-30,-0.741173352799,0.473682723763,-0.301541077187,-0.139474853105
2001-01-31,0.837726900231,-1.05484382438,-0.881312845017,-0.189324466952
2001-02-01,0.589465783027,1.50816916961,0.613414847278,1.26398179929
2001-02-02,-0.139960065782,0.51688020451,3.13154066702,-0.0198050792121
2001-02-03,0.129735596937,0.807829950356,-1.40107486754,1.07406355577
2001-02-04,1.12234157673,-0.540174119238,1.54669512238,0.536547891133
2001-02-05,-0.0244465477632,0.0272338384039,-2.47297887517,-0.0839027596394
2001-02-06,1.58683996235,1.30271555169,0.422340615816,-1.52061202701
2001-02-07,-0.517020131788,0.507130356761,-0.257890747932,0.0063834708775
2001-02-08,0.328276333146,-1.29090883311,0.446765597851,0.315185442886
2001-02-09,-1.0768748849,-0.757627475748,0.0555754806641,-0.305556117841
2001-02-10,0.404872551983,-0.797069736991,0.627105714958,2.41645740362
2001-02-11,-0.374758394967,0.648884643426,1.07086338663,-0.827987838746
2001-02-12,0.0263936457875,-0.477522155541,-2.06524915921,-0.236059919247
2001-02-13,1.2245367016,-0.422038014656,1.07956333282,1.36190515457
2001-02-14,0.844183475543,-1.45981924657,-0.0588713285526,-0.869305501861
2001-02-15,-1.62357848975,0.814006381881,0.436969904011,-1.27325720274
2001-02-16,0.97689149965,1.52002624597,-1.54916706829,0.307157821572
2001-02-17,-0.0700980494229,0.173645285596,-0.90846525301,0.258181690317
2001-02-18,-0.954585590189,-0.378108999245,-0.557573728738,-0.0225705860725
2001-02-19,1.33226964525,-0.495912217225,-1.13372756597,0.872098314203
2001-02-20,-0.0206845891465,1.01873967698,-0.928925499869,0.148647755383
2001-02-21,-1.37773355019,0.482196627282,-0.029698786342,-1.04656144817
2001-02-22,0.786443340506,-0.775821941155,1.81934805966,0.23630598547
2001-02-23,0.325303368398,-0.145497101866,-1.12260411705,-0.0394309418818
2001-02-24,-0.594701942819,0.974877910595,-2.02914659005,-0.431365584285
2001-02-25,0.75732836895,0.745340875486,0.0492549971295,-0.560705231143
2001-02-26,-0.0800333960597,-0.120649190899,-1.15117219001,-1.23808374713
2001-02-27,-0.17680295362,-0.381807247551,0.0328258064541,0.197544015218
2001-02-28,-0.608185216812,-0.380796084186,-0.294305036794,0.0605485996845
2001-03-01,0.760004034344,0.617813522426,0.277276332898,-0.540570503986
2001-03-02,-0.95029760814,-0.801871450886,0.310793459907,0.400302623512
2001-03-03,0.294440754735,-2.41351937141,-0.0181529810293,-0.220067132619
2001-03-04,-0.186771775289,-0.198835960109,-0.155742176049,0.111752678768
2001-03-05,0.167458865169,-1.02346954205,-0.190436222562,-0.788411944459
2001-03-06,0.167355288461,-1.08049110477,-0.0813437454172,-0.0315707692142
2001-03-07,-1.65815196017,-1.55301046148,0.0992693661643,0.768665957142
2001-03-08,0.366932151283,0.276074348714,1.63749681209,-0.29100291909
2001-03-09,1.17513809758,-0.749543850935,-0.236765276056,-1.88893972932
2001-03-10,-1.63506870662,-1.45844829678,-0.126395551811,-0.053263685672
2001-03-11,1.46949212756,0.942044594122,-0.125457225968,-0.695203226608
2001-03-12,1.5819360288,-0.652174731794,-0.959564721224,0.249030722518
2001-03-13,0.948673208011,0.49471235264,-0.91945722743,0.50676146398
2001-03-14,-0.516736013649,1.01998537345,-0.238456682852,-2.19184558674
2001-03-15,0.81208021704,-0.262654749814,0.425725855825,-0.149804595298
2001-03-16,0.41866363289,0.802419133047,0.362568448669,-0.885210267188
2001-03-17,0.941587014729,-0.259839289742,0.120527113845,0.753300838559
2001-03-18,-0.579864251018,-0.605948481175,1.16030787695,-0.464247466067
2001-03-19,-0.220742430142,-1.42533401324,0.428403966842,1.19776756591
2001-03-20,1.02986448112,1.54981087453,-0.0282157441055,0.0435948223419
2001-03-21,0.511234970345,1.48828876226,-1.0735014296,1.11600457183
2001-03-22,-0.927967455528,-0.424389234152,0.546252115407,-0.544571495153
2001-03-23,-0.0355365455271,0.593041064626,0.628135932043,-1.0448119951
2001-03-24,1.18109863706,0.975623781857,-1.27947784419,2.11911588351
2001-03-25,2.1483399117,-1.10250206038,0.360236928369,-1.19214772794
2001-03-26,-1.16474481945,0.189146566708,0.236028866679,-0.271594974958
2001-03-27,-2.57601587687,-0.65687717482,0.222189621936,0.515368906841
2001-03-28,0.68290441993,-2.36681661247,0.342720949702,-0.1382748359
2001-03-29,-1.43823845696,1.16203052959,2.63998087218,0.578399241025
2001-03-30,-3.34607627403,-0.711193636139,2.03999924304,-1.17078976796
2001-03-31,0.130148949071,1.20268839926,-0.469079194372,-1.06180623732
2001-04-01,0.0170132997083,-1.35727926574,-1.5853676912,1.05015018475
2001-04-02,-0.771241353433,0.561076979484,0.791498088593,-0.421171086684
2001-04-03,-1.1599050239,0.598589485981,-0.650128352813,-0.478818708114
2001-04-04,0.65283911553,-1.56921254331,-1.44967893269,0.766794675834
2001-04-05,-1.13666901189,0.445832888538,-0.286075197618,2.39244516205
2001-04-06,1.63954946657,2.79469763636,-1.10634071112,0.218981824304
2001-04-07,0.571034728161,0.026647792286,1.62313582121,-0.538287817247
2001-04-08,-0.9952061097,-0.459681086369,1.33691508148,-0.787813172737
2001-04-09,-0.378239934918,0.444164180066,0.567941744531,1.88446494161
2001-04-10,-1.4699502782,-0.723821515857,0.400024762235,0.230101391477
2001-04-11,-2.61447151628,-0.116946005177,-0.848716785443,1.90683116737
2001-04-12,0.688107073544,-0.440597200473,-1.86048203909,-0.376435483643
2001-04-13,0.918604374758,-0.200202380365,-0.401429352543,-0.667449656822
2001-04-14,0.542239310854,-0.752631225102,2.00928364242,-0.999935779179
2001-04-15,-0.698960899785,0.92433785193,0.350399725421,-2.09143660145
2001-04-16,0.107089244498,0.228421674479,0.182927906552,0.00372456907831
2001-04-17,-2.03933882445,0.49685432112,-0.114913432901,-0.835745491272
2001-04-18,-0.429392942257,-0.560324900238,0.100662968604,1.46634930816
2001-04-19,1.38898280291,-0.711086159999,-0.398201306395,-0.50201918372
2001-04-20,0.0346703464582,1.28502965527,-0.0668896902354,1.16340701769
2001-04-21,-0.0922092182102,0.917580897002,-0.307468969201,0.750599485062
2001-04-22,0.0819403457091,-0.392731632402,-0.732943725616,0.973549271785
2001-04-23,1.59860358598,-0.901178855559,0.532264445318,-0.0111601328316
2001-04-24,1.44189864784,0.576154119278,-0.603572997978,-0.987017112995
2001-04-25,0.940483790048,0.548642208538,-1.76431238195,-1.32308270681
2001-04-26,-1.15979186757,1.76339265775,-1.61189624451,0.668827530158
2001-04-27,-0.0076488694369,1.03267652494,0.101475770264,-0.133022452034
2001-04-28,0.995072937888,-0.385871560422,0.0128340299461,0.539484278737
2001-04-29,1.08261065798,0.950839875344,1.46526903738,-0.945965992409
2001-04-30,-0.0398495915049,0.904220671173,-1.11228827768,0.316446622824
2001-05-01,0.776500706551,0.649395787403,0.671480717654,0.276208559693
2001-05-02,1.49700251911,-0.0107824390913,-1.9823855943,-0.123656869096
2001-05-03,-1.07147976467,-1.93547184582,0.247888358563,-1.01818405596
2001-05-04,-0.683138708884,0.0625754148011,0.786379680516,-1.95243259842
2001-05-05,2.46462866088,-1.09191783486,1.17393304148,1.47631092142
2001-05-06,0.778496134015,-2.04693230875,-0.235577297356,0.960576974443
2001-05-07,0.745854764941,1.06046728591,-0.674777705399,-0.179478511015
2001-05-08,0.171578223415,-1.76448439573,-0.811390981191,-0.286440958494
2001-05-09,-0.684635367927,0.259625374814,-0.343269382754,1.81820962891
2001-05-10,-0.477306557498,0.141127271445,-1.22844932786,-0.480987425423
2001-05-11,0.00566888233907,0.261079002715,-0.672406719692,0.313858358742
2001-05-12,0.408468443208,-0.353358413691,-0.318791089159,-0.320137308488
2001-05-13,-1.64817100961,1.12837090153,-1.70120711734,0.107610029553
2001-05-14,0.606012523317,0.318298009969,-1.19842368779,-0.325009894883
2001-05-15,-0.762204248197,1.0406782992,-0.70385165873,-2.06247476989
2001-05-16,1.04807695494,1.26323946687,1.12371525696,1.01896504429
2001-05-17,0.481435173608,0.740045987098,0.977551175586,0.239661402829
2001-05-18,-0.207228162637,-1.41851135969,-0.188077261423,-0.166024285656
2001-05-19,0.987019278078,-1.19970855908,0.683650804464,-1.16062166433
2001-05-20,0.455614195264,0.0475737550148,0.174570742725,-1.42535818089
2001-05-21,1.41601440376,0.197708995336,0.622848083522,-0.288918025665
2001-05-22,-0.978848797437,0.6914680276,0.621017614787,-0.0374863476774
2001-05-23,0.0859595139538,-0.090403679947,0.609061175231,-0.108822868016
2001-05-24,1.76587315086,-1.86310649169,0.332766316751,1.65755520455
2001-05-25,-1.65729632029,1.51347912162,1.31005519706,0.833036372034
2001-05-26,-0.982959555477,0.376838629149,0.41527822644,0.210052270795
2001-05-27,-0.486384526098,-1.40885078879,-0.326501787444,-0.606508939947
2001-05-28,-0.578404443873,-1.05397879732,-1.21566946358,1.92381398318
2001-05-29,1.30680927877,1.89582466288,1.39529210552,1.49794428887
2001-05-30,-0.636435620643,-2.0080305257,-1.32049451889,0.801374589061
2001-05-31,0.13109021198,-0.0680318091575,0.0992385479944,0.657964937087
2001-06-01,-0.56816024527,0.930067311401,-1.19962374766,-0.860468102979
2001-06-02,-2.28971180841,-0.113222633915,0.558066547626,-0.177685483069
2001-06-03,-1.18170986418,0.337347802055,-0.559532803544,1.14152905525
2001-06-04,0.51496618732,0.288116235514,1.5236345428,1.19824255099
2001-06-05,0.611009300949,0.0186295150793,-1.11708560742,1.02728822482
2001-06-06,0.329679975484,-1.29978778694,-0.62137918326,0.0245460517414
2001-06-07,-0.27297382106,-1.28261498434,-0.353007946172,1.32676209832
2001-06-08,0.235527858743,-0.857639613739,-0.10443041238,-0.174200635646
2001-06-09,-0.0728308211418,1.06103462104,-0.324044050909,-0.745159540061
2001-06-10,0.812549442444,-0.499960147741,1.10073732565,0.703967747234
2001-06-11,-0.561406742136,0.161589069361,-0.907728880227,-1.44684743861
2001-06-12,-0.923081432523,-0.726255294316,0.789993143231,-0.884785283226
2001-06-13,-0.503547875577,-0.82948136247,-0.230642855707,-0.582999840201
2001-06-14,-0.443411495127,-0.327610213058,0.871540297631,0.711130498095
2001-06-15,0.495031205731,-1.02869061261,0.24817639424,0.879693835818
2001-06-16,-0.0911186411055,1.1350288118,0.146287243011,0.701990771076
2001-06-17,-0.316884094876,1.0000205661,-0.852098360529,-0.061574728099
2001-06-18,0.752318502832,-0.215751803424,-1.0137488853,-0.503722534186
2001-06-19,0.639899575355,0.214923422792,0.612117256816,-0.343152826655
2001-06-20,0.887671804234,0.0373129194317,-0.878380056803,0.574566044347
2001-06-21,0.648238786858,0.19531007838,-0.605285700679,1.52619919851
2001-06-22,-0.298915247118,0.801708064246,0.926603382912,-0.339430339066
2001-06-23,1.30706215877,0.379803872845,0.800212276224,-0.72691369402
2001-06-24,-0.381423736323,0.326133289452,-0.415621853161,0.399147016614
2001-06-25,0.676661687589,-2.116787601,0.613687171743,0.853886015062
2001-06-26,-1.41271514719,0.600112423211,-0.0510535567475,-0.865927257565
2001-06-27,0.861772246674,-0.935028436516,-0.357059056877,-1.29301463879
2001-06-28,0.693951512215,0.0214515211901,0.682620358316,0.829377965781
2001-06-29,0.901145753796,-0.33685511295,0.275846869477,-1.71997890113
2001-06-30,0.480874947718,-1.38552994304,-0.776299267762,-0.670752812472
2001-07-01,-0.130380184413,-0.0146676001303,0.835882045967,-1.44488971314
2001-07-02,-1.84746921432,1.49031542201,-2.38555946159,-0.114239534605
2001-07-03,0.87930178823,0.24433138576,-1.21381731718,0.889794438412
2001-07-04,0.153784428765,-0.427487777225,0.433006660851,1.12132237203
2001-07-05,-0.654934178087,-2.29080231603,0.0505536828485,0.454003308274
2001-07-06,-0.650281967286,-0.162415429698,0.271161338057,-1.75822635527
2001-07-07,-0.0614278417696,-0.222455698544,-0.692658064967,2.09728901037
2001-07-08,-1.78490521565,0.192951148863,1.38404854042,-0.865150795314
2001-07-09,0.245573269815,0.909789392013,0.45988807355,-0.934324869466
2001-07-10,0.397203035509,1.35578301474,-0.113121132919,0.918635836266
2001-07-11,-0.347923585521,1.33029270344,-1.6413305061,-1.95903109276
2001-07-12,-1.28908967565,-0.265504741749,-0.135392485715,2.1994038785
2001-07-13,1.07239764235,-0.11533323941,0.676336164929,0.547928996032
2001-07-14,1.11902080837,-1.04767714481,1.79561502137,0.554718662809
2001-07-15,-0.905571627269,0.00106724446976,0.29192680174,-1.8928293945
2001-07-16,-1.09642259663,-0.907366510682,-0.342450033607,0.299840767744
2001-07-17,0.217020941585,0.415016365705,0.590846618325,2.19667577891
2001-07-18,-1.9511615678,0.973341296376,0.0952000272175,-1.88520383655
2001-07-19,0.259558495257,-1.54605950817,1.33246083445,-0.434032185733
2001-07-20,-0.0085488900719,-0.992305451259,-0.728038435594,-0.666191540341
2001-07-21,1.08951338309,1.18919551977,0.06546110239,0.377450522426
2001-07-22,2.00212539207,1.19868333086,0.365142918034,-0.826379337378
2001-07-23,-1.3445254477,-1.77649468281,0.26802461233,-0.244380120621
2001-07-24,-0.0129553172588,-0.730538292449,0.743254200309,1.11497222382
2001-07-25,-0.959283061927,-1.58558888321,-0.563015149514,1.34562512779
2001-07-26,-0.460668631517,-0.346644371459,0.332296736566,2.42391059044
2001-07-27,-0.990162133621,-0.134077524601,1.19234692738,-1.84775354646
2001-07-28,-0.387390441993,0.790970239029,-0.0159594174623,-0.753592648636
2001-07-29,-0.0603716359909,-0.550166219561,0.466939343482,-1.35382868982
2001-07-30,-0.0151856050815,0.057041909979,-0.0272037884356,-1.65191129624
2001-07-31,-0.898853646035,-0.130671379067,-0.618712635584,0.633026124511
2001-08-01,0.446464829824,-0.848299592341,-0.976012239175,0.234754729876
2001-08-02,0.419848207274,1.56588962462,-0.232791110781,-0.0204209724945
2001-08-03,-0.325053987397,-0.349150127371,0.597626937669,0.652604302264
2001-08-04,-0.00166088665562,0.149627269591,-2.30567278476,1.10496985577
2001-08-05,-1.1563585497,1.29692558646,-0.045392710062,-0.0264552568464
2001-08-06,-0.921005685945,2.80530958937,-0.0585945609493,0.0626581329701
2001-08-07,2.77736419584,-0.285691103978,0.614945742874,-1.53129733946
2001-08-08,2.32582668425,-0.500352267521,0.467667641623,-1.54846226007
2001-08-09,-1.76259831104,-0.82730410615,-1.25998216434,-1.15812063734
2001-08-10,0.102890168858,0.764411610701,1.61378155203,-1.49917189895
2001-08-11,1.41433018025,1.62508536196,1.73563732233,-0.723777219653
2001-08-12,0.231235942641,-0.494722026653,-0.801483584081,0.849048181597
2001-08-13,0.577954597178,0.504887233204,-0.917389794593,-1.12648536207
2001-08-14,0.635707108816,1.35571083225,1.36623560813,0.736820862358
2001-08-15,0.473250133032,-1.63491396871,-0.830592029268,0.62320374946
2001-08-16,0.399662658939,1.20713016732,-0.169585869646,-0.908454239714
2001-08-17,0.681350818235,-1.08442601949,-0.462638881818,0.644736594427
2001-08-18,-0.186532953621,-0.0842750108655,-0.126247268309,0.413209900058
2001-08-19,-0.674474023125,-1.22252417023,-0.530056992651,-0.909589276659
2001-08-20,-0.22117338637,-1.70184498475,-1.20472236351,0.987593385255
2001-08-21,-2.78662260391,1.18575139477,-1.27216772252,0.545171551764
2001-08-22,1.10547544332,0.616660169472,-1.20467083253,-0.896567238594
2001-08-23,0.0477262863417,-0.601394255775,1.65624123522,-0.35689285936
2001-08-24,-1.07990459832,-0.542650586127,-0.269594572298,-1.76616080167
2001-08-25,1.89782027625,-0.00418706642336,0.68208275195,1.3213384947
2001-08-26,-1.27590496171,0.201349707838,-0.316505175046,1.20976823401
2001-08-27,0.143661666766,-0.920245976142,-0.482075958655,-0.298533852126
2001-08-28,0.0759221076513,-0.750876704893,0.88010841678,0.836087506001
2001-08-29,-0.944627765753,-1.08489622859,0.597067386151,-0.517467906356
2001-08-30,0.39813891789,-1.45393153787,1.75903906229,2.1891327776
2001-08-31,-1.32443339765,0.937053252027,0.592866110168,0.501705604302
2001-09-01,-0.170140685816,0.401525118586,0.0398510502662,0.800382863397
2001-09-02,-0.00629883475048,1.18243905763,2.43877662707,-0.237728699216
2001-09-03,-0.602735478142,-1.36920608228,-0.269193729942,0.967497735115
2001-09-04,0.385514663581,0.496826376447,-0.674018071631,0.087050299473
2001-09-05,-1.50151222644,0.863186614755,-0.948319738883,0.344481536796
2001-09-06,-0.97079537531,0.887703688474,-0.968339014986,0.10715902685
2001-09-07,0.119121558161,0.19800120636,-1.0449021211,-1.07622465717
2001-09-08,-0.386292071843,-0.31419323077,-0.689669687865,0.618622422047
2001-09-09,0.796457823485,-0.190261977033,-0.319450551846,-0.0233115388097
2001-09-10,-0.222114912235,-2.98836610625,-1.39046613999,0.629583584024
2001-09-11,-0.0859221382875,0.0224253339837,0.360541597339,-0.127215148982
2001-09-12,-0.992475596791,0.655800095567,-0.767635781495,0.487835981203
2001-09-13,-0.0328429705474,-0.603420604284,-0.595772390457,-0.0679194572647
2001-09-14,-1.48276051008,-0.552070564684,-0.198440304792,1.09748275621
2001-09-15,0.303191237528,-1.94538471916,0.376489376426,0.453559271127
2001-09-16,-2.57642888454,1.42981870752,2.39896114402,1.01603037919
2001-09-17,0.448709987281,-0.5469591842,0.391775055369,1.85908389823
2001-09-18,-0.468509350053,1.59852533877,-0.177401684415,-1.63838693653
2001-09-19,0.374259834277,0.479422467547,2.77404630721,-0.996941645833
2001-09-20,-1.32859070977,1.27266459629,-0.872104080155,-0.479827803672
2001-09-21,2.45322063999,0.440429624355,1.60092365036,1.46660985989
2001-09-22,0.0119885269954,-0.566171768584,-0.345759012749,0.808009777648
2001-09-23,0.0505858344213,0.998012343675,-0.530415615849,0.151665908409
2001-09-24,-1.63546356376,-0.222853406462,-0.0731632634436,0.354674365346
2001-09-25,0.0718357187719,-0.990165281142,0.321758655901,2.38041388554
2001-09-26,0.567774489381,-0.748816559732,1.02780471619,0.0700592092575
2001-09-27,2.21890925314,0.309483820889,0.363775117965,-0.958783868045
2001-09-28,-0.807729530017,-1.77562395935,-1.55584175441,1.63338127368
2001-09-29,0.64405551604,1.58083342054,-0.72785539121,0.520433958937
2001-09-30,-0.916761954373,0.907373876088,-0.405188544989,1.74995717994
2001-10-01,0.659415431066,2.59910136582,-0.59481645843,-1.64719502031
2001-10-02,0.689859886055,0.777706588641,-1.23817327136,1.71952795013
2001-10-03,-1.62423589344,-2.06103915972,0.072222353783,0.136722419235
2001-10-04,0.592004667474,0.717016317754,-1.24978042071,0.548673355233
2001-10-05,0.477678379237,-1.31159742922,-0.734844230631,-0.847112579036
2001-10-06,-2.10294369598,0.376079734159,1.76279714968,-0.448712407216
2001-10-07,-0.993666303915,-0.655129855318,-1.23609728295,-0.407579552272
2001-10-08,2.13341701652,-1.93037275862,1.11925886747,1.64440090508
2001-10-09,-0.86651871982,0.460061102294,0.961329755251,-0.329561257317
2001-10-10,1.16269699063,0.643315233801,0.0769027157063,0.667264410392
2001-10-11,0.484223945974,-0.010149231818,0.683637836308,-0.542475169629
2001-10-12,0.127435612603,1.02191304346,0.270189396767,0.0574785124606
2001-10-13,1.38392775881,-1.07968647972,-2.48227455313,-0.764760320102
2001-10-14,-0.992698483249,0.315139720401,-0.23842170452,-0.519225715026
2001-10-15,-1.65841407519,0.160689577174,0.329460462987,-0.286655738008
2001-10-16,-0.0401275336107,0.506532723905,1.72580123735,-2.05670923001
2001-10-17,0.942598396629,-0.243017297063,-0.251702354746,0.447013612495
2001-10-18,0.612861530615,0.501238094534,1.64440727639,0.477072094212
2001-10-19,1.00690759669,0.116279810081,0.630445261846,0.202510214601
2001-10-20,1.80837171339,1.19145496795,1.50679610531,0.260293233565
2001-10-21,-0.745094277195,1.55396104659,0.270877403716,0.0601789340827
2001-10-22,0.281190334447,-0.691761707281,-0.903964625263,1.14801947388
2001-10-23,1.31546191595,0.253869922823,0.848914373436,1.36926649617
2001-10-24,-0.657362621281,-0.824287420126,-0.336848308217,-1.41784821101
2001-10-25,0.606959677029,-0.699074107842,-1.96658831438,2.35672683027
2001-10-26,0.272622348007,0.679050877378,1.7641087597,-1.32830522618
2001-10-27,-0.82910367981,1.02382378141,-0.325639907781,0.653620732844
2001-10-28,-0.812270481871,-0.927055704938,0.586190013102,-0.926213048565
2001-10-29,0.479875802846,-0.249878299675,-1.03790910327,0.41720087361
2001-10-30,-0.64787699679,-1.44313286049,-0.594454102003,-0.487675639127
2001-10-31,-1.13399094728,1.69282911644,0.842183400206,-1.75415531841
2001-11-01,0.484542941739,-0.743219273276,-2.57909867157,-0.316128940619
2001-11-02,1.37273454153,-2.5193586016,-0.447073695662,0.221608690656
2001-11-03,-1.35649269863,0.324391879759,-0.795439869252,-1.53586955214
2001-11-04,1.40947227841,-0.298272902246,-0.24491558913,-0.440345337129
2001-11-05,0.631542315918,-0.261707818322,0.779979222322,1.57631140532
2001-11-06,-0.707245964146,-0.0380978786964,-0.189583910329,0.465209247833
2001-11-07,0.676490353256,0.0493815746677,-0.377510191998,-0.947688247993
2001-11-08,0.439372122242,-0.343312767736,0.863237364209,-0.109350799656
2001-11-09,-0.424913311291,0.778172797437,0.650691946458,-0.932612416387
2001-11-10,0.958315487471,-0.838221978423,0.215198745646,1.43919346847
2001-11-11,0.345328993403,0.56350716551,0.172285709234,0.0487852551321
2001-11-12,0.613643465901,-1.2406086912,1.05155215939,0.80232798401
2001-11-13,0.605613124291,0.578743329801,0.362811011119,-0.195926830251
2001-11-14,-0.597798759805,0.281575392229,1.46056133338,-0.447673871018
2001-11-15,-0.754732199669,-1.32079981023,0.448315733135,1.46287159599
2001-11-16,-1.06376718278,-1.52871300607,0.557476516321,0.704665673691
2001-11-17,1.65724931882,0.0595034955474,0.585538433077,0.0259054798982
2001-11-18,0.535249782042,2.4703070262,-0.959214276952,0.88143548593
2001-11-19,0.0402844893063,-0.773069391169,-0.161162908012,0.552559031459
2001-11-20,0.946965427572,0.666365947655,-1.34997220956,-0.190535987926
2001-11-21,-0.656444242444,0.467108861545,-0.387441854232,0.287866178335
2001-11-22,1.43957295386,1.18314090319,0.387345106544,-2.41909776565
2001-11-23,0.0500932283509,-1.16081332125,1.66126142085,0.0714653275954
2001-11-24,0.194120346808,0.429980595049,-1.29493012794,1.73947369697
2001-11-25,-0.254371856383,3.31592444379,0.790402064577,-1.24607798957
2001-11-26,0.691582813007,-1.75401414412,-1.15228749199,-0.656732268777
2001-11-27,-0.724255157184,0.365219713333,1.31750813714,0.631273117823
2001-11-28,-0.590369743287,1.32579746439,-0.595063179037,-0.290904475208
2001-11-29,0.0664769624257,-0.0249033991916,-1.2806737461,-0.700999338014
2001-11-30,-0.557747775063,0.724596243662,-0.175592633509,0.277588973437
2001-12-01,-0.0551223147403,-0.884673085375,0.51472229273,0.249852245845
2001-12-02,1.92161661858,1.00310448708,-1.25538741001,-0.000852527412986
2001-12-03,0.579191584233,-1.98260980151,0.364363702753,-0.275207068075
2001-12-04,0.288286227907,0.440619985434,-1.0891335342,2.462024641
2001-12-05,0.620766900202,-0.656822636898,0.00217920372536,-1.75834856886
2001-12-06,-1.33979526571,1.38809929537,-0.929901940284,0.50245775841
2001-12-07,0.497392970244,-0.369134725452,1.29999434407,0.265230591335
2001-12-08,-0.095533899268,-0.941876411819,0.48650905303,-0.498204091673
2001-12-09,-0.631021718554,-0.841073410414,0.337755251767,0.107755301691
2001-12-10,1.58263876219,0.277578718335,-0.75145258206,-0.299922039633
2001-12-11,-0.0188889456144,-1.03858641912,1.64130955406,0.549390281523
2001-12-12,-0.179034744942,0.135484842806,0.938529417022,-0.227883687931
2001-12-13,-2.22311662075,0.224827116403,-1.5753920119,-0.659174912386
2001-12-14,-0.131643799363,-0.460075939869,2.07597411172,-0.847111776095
2001-12-15,0.392071321049,-0.410907463696,-0.780269381059,-0.607725605931
2001-12-16,-0.495467470358,0.224110612412,-0.217691790942,0.418813515527
2001-12-17,0.280210524032,0.887050685988,-1.27888183505,-0.650177676021
2001-12-18,0.125092301307,0.0754349307125,2.0228028885,-0.446266757123
2001-12-19,-1.10905712099,-0.671009834942,-0.499647361368,-0.614555175448
2001-12-20,-1.43575823324,1.18553048091,0.651206365327,-0.701712503672
2001-12-21,-0.211524249261,-2.12515195594,-0.012963987175,-0.676973198157
2001-12-22,1.50752929631,3.17018017014,0.943792204951,0.393698269309
2001-12-23,0.0242414297321,-0.534370499688,0.00815023607715,-0.214825285891
2001-12-24,-1.16659737872,-0.740456994686,-0.0546539634136,-0.298965109697
2001-12-25,-1.40175191961,-2.48899019898,0.639812781477,-0.2740074197
2001-12-26,0.0788026266961,-1.46421951799,0.395076538856,0.401100800983
2001-12-27,0.306027174732,1.04020044004,0.983876760771,-0.399932495691
2001-12-28,-2.35481502216,-0.173283783275,-1.20138962709,0.330751153994
2001-12-29,1.24441668875,-1.15789927133,0.786305115483,-0.507731853116
2001-12-30,-0.904396953711,0.785919554528,1.10330418171,0.812706397255
2001-12-31,-1.72474898297,1.45387307118,-1.05596123138,0.802590146474
2002-01-01,0.585950930956,-1.38290162204,0.198957410627,-0.22941734551
2002-01-02,0.0310982584839,-0.216307336432,0.010196211438,-0.466317311059
2002-01-03,2.23431849566,-0.0873221695317,0.0757991152491,-1.32380371684
2002-01-04,-0.465345192547,-0.0510551725443,0.95402633123,0.275433804978
2002-01-05,-0.342234105326,-1.12822714422,-0.0438076316989,-1.21492425308
2002-01-06,0.426001672752,0.256500357484,-0.859672720244,-0.584370718569
2002-01-07,-0.20159410027,0.260451232478,1.12047939164,-0.272364393958
2002-01-08,-0.0895630605092,1.13188874433,-0.826417362781,-1.19615148657
2002-01-09,2.21201515577,-0.0245660194465,-0.153270064403,-0.292114653857
2002-01-10,-0.2960766667,-0.175540576125,1.11109202274,-0.156047234623
2002-01-11,0.652581456232,-0.139770855412,-0.532080862409,0.202099036221
2002-01-12,1.36083235298,-1.01838063413,1.7137986282,1.65181895186
2002-01-13,-0.284151249392,-0.174126639199,0.025847171238,-0.420374005314
2002-01-14,1.19025036573,0.175869873866,-0.398193475961,0.655833970908
2002-01-15,-1.97077589008,0.743879177113,0.201750373746,-0.157051115958
2002-01-16,-0.616382206844,-1.52826152583,0.932184247598,-0.583561234068
2002-01-17,0.683817120295,2.03657016548,-1.06599651541,0.0969662315066
2002-01-18,0.387585348899,-0.953624967618,-3.24560404813,-0.626412779242
2002-01-19,-2.47505356673,0.81838645161,0.769388211878,-0.698713913749
2002-01-20,0.634919036374,-1.67893845125,0.0416161530536,-0.582661039131
2002-01-21,-0.113114070605,-0.722501165651,-0.439323879011,-1.80060764299
2002-01-22,-1.21726379283,-0.217234874619,0.807410944295,1.18646356626
2002-01-23,-0.681003766129,-0.741744773363,-1.00107918732,-2.32572707717
2002-01-24,-0.901563396372,0.675375684585,-0.407216373997,1.42624166739
2002-01-25,-0.619126206333,0.0192214457934,0.238637995777,0.904534844473
2002-01-26,0.725825947651,-0.445523681368,1.30037100097,0.682058103439
2002-01-27,1.08934717269,-0.567090946954,1.26816768171,-0.799423490287
2002-01-28,0.592729564983,-0.816921543208,-0.862528402916,1.99988220653
2002-01-29,0.185053069307,0.674769113001,-0.0959226512387,1.04575350847
2002-01-30,-0.179963262614,-0.275194746903,1.22533330883,0.0288227387453
2002-01-31,0.130211002939,-2.07281312445,0.73250506508,-0.801890459174
2002-02-01,-0.689025559431,1.27306358254,0.975733806681,0.0595314277413
2002-02-02,1.11727196129,-1.22668605133,-2.48690348511,1.09918903945
2002-02-03,0.984741231619,-0.423031935383,-0.986756597486,-0.487169478951
2002-02-04,-0.0723964206432,-0.381037609,0.678108963731,0.733040190147
2002-02-05,-0.0603389513413,0.51404318702,1.59865533007,1.09325628215
2002-02-06,0.19908286851,0.881345362863,0.15993473641,1.28055174717
2002-02-07,0.752442023552,-0.104316234326,0.484800877121,0.96809920708
2002-02-08,0.556249936102,-1.18100754224,-0.335884081175,0.11725164533
2002-02-09,-0.335331844469,-0.905066204565,-0.309556711472,0.70927318327
2002-02-10,-0.939217908682,1.03903823764,0.026799141955,-0.0270636559131
2002-02-11,0.619171828566,0.876507202853,-0.102630507235,-1.69192854259
2002-02-12,0.050074141644,0.509008449491,0.191444476801,-0.106067862738
2002-02-13,-1.77354283361,0.855188311373,-0.689375281955,-0.838040619631
2002-02-14,0.0603287297097,-0.863502096875,-1.789905123,0.290393950703
2002-02-15,-1.64622536164,0.525351175389,-0.91950774313,0.373807253252
2002-02-16,-0.14797277637,0.143026611504,-0.667363020839,0.980698194116
2002-02-17,0.534057261869,0.41910703085,1.17907618566,-1.58537925974
2002-02-18,0.979517713189,1.00682745775,0.400141427982,0.300366587778
2002-02-19,-1.48798319956,0.650768736632,-0.474948205001,0.289612300902
2002-02-20,1.0323153572,-0.376903604307,2.04391808749,0.702805720377
2002-02-21,-0.170440344233,0.798261978113,0.312268528045,-0.207999090794
2002-02-22,-0.326864049172,0.156017284409,-0.890906937057,-1.33770892314
2002-02-23,-0.395908326021,0.838329161456,1.41270522341,-0.0501281204668
2002-02-24,0.902023073595,-0.656925280871,-0.718991096183,-1.43125116288
2002-02-25,1.02632027856,0.824645902821,0.440825231121,0.154616515036
2002-02-26,0.117646054272,2.13977985997,-1.06848169221,-0.367651776383
2002-02-27,-0.505635199335,0.189896483177,-0.868761487679,0.856407444667
2002-02-28,-0.046581229967,-0.606325428194,0.0180417282677,1.98870865584
2002-03-01,-0.211357602736,-1.15450268971,0.449538919308,-0.289409393203
2002-03-02,-1.29848501166,0.296508969019,-0.841609006581,-1.31287114382
2002-03-03,0.363186350454,-0.786308733374,1.54601411965,-0.782839677717
2002-03-04,0.618294108053,0.505822723573,-0.388824897873,0.539589706755
2002-03-05,1.74903944198,-0.351268435069,1.52976049089,-0.521013672535
2002-03-06,0.219806158018,1.75536651588,-1.68674495322,1.11956199799
2002-03-07,0.466896424273,-1.06227703217,0.878112278517,-1.29915429648
2002-03-08,1.74680789041,0.116323569637,1.03949540661,0.349859378278
2002-03-09,-1.37633282552,-1.42723052371,0.460519739195,-1.96144755533
2002-03-10,-0.318556113061,1.41699136196,0.787606990359,-1.2806640028
2002-03-11,-0.397873224922,0.278330158311,-1.32311266318,0.805834664392
2002-03-12,0.168649364546,1.47119212216,2.25040496202,0.508467165796
2002-03-13,0.256584302446,-0.133005382787,-0.416320054625,0.191863941142
2002-03-14,-0.816615952478,-0.782416438771,-1.49924737657,0.0810668626099
2002-03-15,0.982539788626,-0.319929787297,0.381460009959,0.340386392965
2002-03-16,-0.462716972884,-1.01794922388,-0.400142858334,2.01371300544
2002-03-17,-0.64392712151,-0.480295132684,1.35458875182,0.940916351769
2002-03-18,1.04621499742,0.799618517751,0.193706396352,-2.15485098231
2002-03-19,-0.767395456222,1.02827415521,-0.333203867581,-0.85831465119
2002-03-20,0.109484357876,0.910553313172,1.02425619346,-0.546175601718
2002-03-21,0.317132624076,2.39846026606,-1.17847190972,0.335637523808
2002-03-22,1.20015293691,-0.619871564276,0.416066144933,-0.510451860762
2002-03-23,1.19778715312,1.00595602787,-0.0121171446319,-0.669845063207
2002-03-24,1.28471755389,0.38640687585,-0.72876054837,-1.34768450092
2002-03-25,0.632514993615,-0.650969749497,1.03847907731,0.324172443064
2002-03-26,-1.23164929835,1.20403826865,1.66897365161,0.461353515665
2002-03-27,0.0636925728036,1.34148407054,-2.3592120151,1.00129990618
2002-03-28,1.19993590437,2.14743515724,0.0338862979734,1.19767448814
2002-03-29,-0.711545551514,-0.317422800561,-0.20519617977,0.0618469591054
2002-03-30,1.1889311591,0.785416953564,-0.620808005352,-0.39279691397
2002-03-31,0.74524758337,-1.5134189439,1.09244203517,0.769996869199
2002-04-01,0.0826884385327,0.683291409449,-0.944146339701,0.813096113403
2002-04-02,0.133798814115,-0.372762060541,-0.0904336201253,-0.895262546153
2002-04-03,-0.842657477193,-1.43293581443,0.236354176765,0.860078085513
2002-04-04,0.0781084623664,-0.768676107655,-1.07235832867,0.132283985556
2002-04-05,0.907314247534,1.08915510952,1.07026568024,3.23851159977
2002-04-06,-1.86814980519,0.987428109383,1.18497000632,-0.700223226525
2002-04-07,-1.8529252938,-0.752801945004,0.227561807385,-0.531410172308
2002-04-08,-1.53915477878,-1.8452439342,-0.393037378314,-1.37058563505
2002-04-09,1.19644884936,-0.00561232884153,-0.249279990173,-0.466563006823
2002-04-10,1.77686563585,2.17350307489,0.160558784217,-2.99668021661
2002-04-11,0.294764912223,0.830010364606,0.064568772484,0.280671803915
2002-04-12,-1.39126482606,-1.82323803644,1.56256438244,1.9309211264
2002-04-13,0.203930360436,0.30485069587,-0.362140732814,0.447297720351
2002-04-14,-0.839175863288,-0.0247499929369,-1.19816080666,-0.311352518227
2002-04-15,-0.272661635346,1.1290641278,-0.566508515483,0.315067541373
2002-04-16,-0.0858044449928,1.04413726803,0.776185953806,1.43975040877
2002-04-17,-0.488346597844,0.0591982130061,0.338273232008,0.080027535027
2002-04-18,-1.22837921084,-0.333699911678,0.531019383421,1.87976350558
2002-04-19,1.99267939695,-0.145920074237,0.570177440175,0.668968104722
2002-04-20,-1.05068853735,0.657595112733,-0.950521755247,1.61125075455
2002-04-21,-0.272212045309,-0.3124831291,1.07435177789,-0.206991765716
2002-04-22,0.233860505361,0.00975089846034,-0.0711248573162,-0.75353394559
2002-04-23,1.74080818464,0.412493463352,-0.763708561151,0.367433933968
2002-04-24,-0.334174504805,-1.48319819836,1.7424512698,1.0133329304
2002-04-25,2.02487481822,-1.15447918648,0.801772724799,-0.596026903731
2002-04-26,-0.185416315237,1.64921054194,-0.849417388954,0.492377724185
2002-04-27,0.55729357319,-1.19283652257,-0.562832867457,-0.692466345711
2002-04-28,-1.98740657267,-0.389511862769,-0.232711932107,0.73160579736
2002-04-29,0.287425601771,0.742768929959,-1.68527872229,0.0707611958055
2002-04-30,0.0823443093364,1.8856471896,0.400959498555,-0.0385590108397
2002-05-01,0.987033959964,0.849007065647,-0.737083182459,-0.178944775188
2002-05-02,1.6589289361,0.737403821884,1.03781699274,-0.0909208911055
2002-05-03,-0.221035396384,-1.58617284429,0.847902473722,0.0270500306947
2002-05-04,1.80364829208,-1.54314926669,-0.13933248838,-0.275426549486
2002-05-05,-0.858834263082,0.442472181945,-0.836386899865,-1.85560433878
2002-05-06,0.424879484884,0.289808785301,0.113380820032,0.852061100191
2002-05-07,0.380714265553,1.18561962861,1.36288499791,0.169061406008
2002-05-08,1.43404550715,0.251699559332,-0.968945254591,0.843254114064
2002-05-09,0.260079763824,0.11814975876,-0.586660863885,0.172001706137
2002-05-10,-0.869891108265,1.61106520525,-1.01896637346,0.36226005665
2002-05-11,-0.714500247724,0.0908045856517,-0.17540053794,-0.47066536646
2002-05-12,2.85164273728,-0.134779429452,-0.73401692293,0.349302979296
2002-05-13,-1.76498930348,-0.679014569535,-0.47176947686,0.952596871859
2002-05-14,-0.598109078358,0.313866099174,0.992271757499,-0.862329482852
2002-05-15,0.626085844624,-1.39954408348,0.199126400455,0.782049595671
2002-05-16,0.967912999381,-1.38410831592,-0.155782036773,0.62632253243
2002-05-17,0.533407359606,1.32731738748,-2.38700456535,-0.758327999469
2002-05-18,0.254492686057,-0.394376414423,-0.90086454832,-1.09261557822
2002-05-19,-0.53840161444,0.410459571304,-0.538455499838,0.784523123301
2002-05-20,1.23601513963,-0.365561128117,-0.692307948981,1.27277781678
2002-05-21,0.332319223183,-0.202470846335,-0.183295701251,-1.8888906551
2002-05-22,2.16967387014,-0.3250053515,-2.8452295728,0.345619580354
2002-05-23,0.216271551052,-0.427762008735,0.0334315758713,0.595456921672
2002-05-24,1.31525559758,0.422027198114,-0.581848294799,1.13287595483
2002-05-25,0.687563059028,-0.869430141392,2.07687976863,0.465665799781
2002-05-26,-1.11986019025,0.737400898223,0.854291892784,-0.643155185981
2002-05-27,-1.38472632632,0.58441214514,1.47124510661,0.452277495678
2002-05-28,0.659346108502,0.421777936041,1.0089113807,-0.081882579619
2002-05-29,0.0938003370293,-0.514102002162,0.929959716249,1.63423665902
2002-05-30,-0.37294959692,0.114638841499,-0.439118122501,-0.00932674330961
2002-05-31,-0.318452023413,-1.01377791502,0.287468443385,1.63528666402
2002-06-01,0.515293097562,-0.428257818087,0.291753142605,-1.08918315528
2002-06-02,0.613698876339,-1.18413807199,1.06815151409,0.114365429509
2002-06-03,1.11840825031,0.840727436101,0.394357743084,0.755004264018
2002-06-04,1.99604110179,1.62121786725,0.313265765162,0.352654451578
2002-06-05,0.993395095612,0.11883211672,-0.943729312825,0.93637632412
2002-06-06,1.37648016573,-2.30452980652,0.457017596535,0.425063752594
2002-06-07,0.0214950794225,0.776505058454,0.565158938733,0.106341693149
2002-06-08,-0.0915156038986,1.42425020778,1.18133186083,-0.612510826805
2002-06-09,-0.822928850471,-0.208882562908,0.933621442958,-0.501644826356
2002-06-10,0.325413253722,-1.79502550976,1.90470411216,0.315511105982
2002-06-11,-1.53510398412,1.95106615724,1.85392470343,0.438795291525
2002-06-12,-0.761946845645,0.289431488677,0.372362970434,0.138346700658
2002-06-13,2.34789006822,0.707460784502,0.184424231237,-0.346164524056
2002-06-14,1.00264976395,0.0910593278463,-0.643680374018,-0.550633493509
2002-06-15,-1.52993313593,0.333587856018,0.0287898501485,-1.40032778846
2002-06-16,1.31617335403,0.3017998359,-1.14460522865,-1.15564386981
2002-06-17,-1.70920216886,-0.580321305121,-0.347313708281,-0.328565665785
2002-06-18,-0.654157438996,-0.629911897101,-0.341042449976,-0.18649343896
2002-06-19,-1.15993303653,1.36062800942,-0.314186537005,0.166376200638
2002-06-20,0.359283805999,-0.845119993695,-0.357212613777,-1.07203822081
2002-06-21,0.345620054118,-0.423830420655,-0.518015831003,0.53050242342
2002-06-22,0.50045160721,-0.267812950892,-0.90699150677,-2.28520910658
2002-06-23,-0.795219461395,0.048874318774,0.771214906517,-1.00969976843
2002-06-24,0.485662890937,-0.801735495915,0.434151805814,0.903101112741
2002-06-25,-1.18684007235,-0.953167796328,-0.355217295972,-0.921763975509
2002-06-26,-0.640109800942,-0.0665562678624,-0.495137975823,2.6545885563
2002-06-27,0.395716817483,-1.14446341394,-0.150651799087,0.474370213739
2002-06-28,1.246622875,0.380975462151,-1.14759941521,-0.381033023895
2002-06-29,0.0309875075823,0.622030706339,-0.415842601637,-0.114099358457
2002-06-30,0.292528347903,1.45119774532,0.662546327149,0.644290334733
2002-07-01,0.399657571327,0.513442093469,0.426671447878,-0.192855984806
2002-07-02,-1.1965197082,-0.13633909971,-0.176575762971,0.687367820325
2002-07-03,-2.58541030823,-0.0902884043116,0.609765112636,0.791476181989
2002-07-04,1.1214298733,1.28142060114,-0.583922320809,0.153679220555
2002-07-05,0.39019597046,-0.999341481063,0.412068722549,-0.688676803758
2002-07-06,-0.540877365249,1.66502942311,0.123208702146,1.01727550068
2002-07-07,0.166495722203,-0.0623750300864,-0.988868738873,0.791868250425
2002-07-08,0.21104974421,0.778489663527,-1.85442078781,-0.33176931523
2002-07-09,1.01926270845,1.36674814783,-0.997620956139,0.536290793695
2002-07-10,0.0438572289315,-1.35011583423,0.350593602841,-1.48865940454
2002-07-11,-0.408183107086,-1.13276552562,-1.38731462303,-0.836676708474
2002-07-12,0.471936425972,2.16973244098,0.81651753766,-1.1107801881
2002-07-13,-0.411314987174,-0.18341131497,2.01143395786,0.776757562138
2002-07-14,0.358188948901,0.792284918744,-0.468871733031,-1.71946646543
2002-07-15,0.61650876957,0.110652425664,0.420643306289,0.496470974805
2002-07-16,-1.07319205551,0.274859135061,-1.98319208974,-0.0571045933439
2002-07-17,0.215659604613,1.69176237146,-1.81046475715,-1.31925845828
2002-07-18,-0.159898474264,0.275813080931,0.822237948618,-1.3187080015
2002-07-19,0.772137223767,-0.524010127163,0.485580218083,-1.44899367546
2002-07-20,1.60798810479,-0.51054060219,0.284972080807,0.704720784844
2002-07-21,-0.655070647327,2.15561210517,0.617565453452,-0.404548562255
2002-07-22,0.740563050182,2.64729750535,0.156253039091,-1.13472529315
2002-07-23,-0.869543191043,0.303508187767,0.333455728884,-0.455484798414
2002-07-24,1.20946735602,0.840805618791,-0.708565952301,-1.12766643485
2002-07-25,1.03544385361,0.076085477087,0.194196549897,-1.99617363418
2002-07-26,0.863438123584,1.23083624215,-1.0531464089,1.61935961517
2002-07-27,-2.43518494292,0.409929966044,0.369925550692,-0.477653083691
2002-07-28,0.751813023109,2.37828398027,-0.0170397672292,-0.914673634955
2002-07-29,0.511847764943,-0.534829330934,0.257472409337,-0.626189104956
2002-07-30,0.147200732128,-0.892000011853,0.533683501901,0.818065575997
2002-07-31,-0.455987250145,1.34474707766,0.384911764106,0.632492323463
2002-08-01,-0.945716257691,0.210071790217,-2.04344534569,0.966012348768
2002-08-02,1.30237804884,2.06372716757,-0.119703928758,-1.35658471669
2002-08-03,-0.903950936801,0.436184493483,1.11290603624,1.03822631062
2002-08-04,0.494862357053,0.149014353276,-0.266947080056,0.229250465558
2002-08-05,1.63657970871,-0.497156786291,-1.05145415324,-0.734175766371
2002-08-06,0.721796690287,-0.90869035178,-2.08408422878,-0.448448114024
2002-08-07,0.76812721807,-0.856444513081,0.0273097929,1.4307549724
2002-08-08,1.45368705857,0.465286206835,0.460675066022,-0.626507164661
2002-08-09,0.459360834471,-1.63880981064,0.169675391048,0.969968400381
2002-08-10,0.895867288172,-1.39718826337,-0.664212342969,0.331520052988
2002-08-11,1.71039256884,-0.184028641856,-0.251931698243,0.49747082831
2002-08-12,0.657936444892,0.552632144444,-1.59670144822,-2.36446407443
2002-08-13,-0.472832418632,-0.164132005751,-0.0904588454385,-2.24564276898
2002-08-14,1.5146493233,0.693373016636,1.76989707935,-0.15880671503
2002-08-15,-0.725968600859,-0.773205527043,1.23701714579,0.0785589107234
2002-08-16,1.61042899243,0.62748972235,0.872197675698,-0.387860085328
2002-08-17,1.69544338497,0.0401268194349,2.35552573505,-0.587921947036
2002-08-18,-1.38856069388,1.32535934705,-0.414807801117,-0.406487618476
2002-08-19,1.97729968912,0.782049003031,0.659155402367,1.66874403863
2002-08-20,-0.283028834805,-0.520075001435,-0.152786850588,2.29031774091
2002-08-21,-0.670351528182,-1.22023469577,1.87169353755,-0.404425841763
2002-08-22,1.67253622127,-0.0915124020176,1.82474691631,-0.843828442012
2002-08-23,-0.23563153762,0.778337195062,-1.0857382417,2.06320025337
2002-08-24,-0.725493122452,0.817374662679,0.328918969066,0.675853619648
2002-08-25,-0.952073942886,-1.2517727829,0.415043719935,-0.204085377172
2002-08-26,0.291389723145,0.293941071433,1.33725114608,-1.37839293531
2002-08-27,-1.37244730856,-2.06083253568,-0.745561701602,0.788669246914
2002-08-28,1.53909057581,0.160778399919,-0.748396838689,-1.04759455492
2002-08-29,-0.51793591514,0.328417492312,-0.99686447017,1.43057869126
2002-08-30,-0.174506655107,0.491008667103,0.976334878629,0.468821058583
2002-08-31,0.591780350493,-0.719989768024,0.424362066649,1.78439929414
2002-09-01,1.36282267411,-0.226088131493,0.552233484579,-1.25043356891
2002-09-02,0.663124051109,-0.272616340604,0.593944015661,0.00959157592294
2002-09-03,0.696443537213,-1.16937949616,0.289572934896,-0.136979672489
2002-09-04,-0.573085796502,-0.323523433144,-0.927434480446,-0.89809193367
2002-09-05,2.74785440309,-1.06982116559,0.359041528342,-0.0644199851423
2002-09-06,0.808446838475,-2.48283098451,1.08571321792,-0.746355050307
2002-09-07,-0.736981989046,1.56874902646,0.60969800713,-0.812533033043
2002-09-08,0.594050931022,-0.18316895879,0.0623771599586,-0.152441060096
2002-09-09,0.818944074955,-0.241956920416,0.766209986203,-0.395927756624
2002-09-10,0.302827344298,0.169032191938,-0.197960176078,0.748009649326
2002-09-11,-1.30332577503,0.159297633553,-0.584749750801,-0.247381485848
2002-09-12,-0.0276851597905,0.836435985377,0.315783536969,-0.451124176319
2002-09-13,-1.07087828175,-0.0967006858008,0.652983802076,0.597144860245
2002-09-14,0.790016294836,1.3369148908,0.127174030209,0.60702684908
2002-09-15,0.233450179695,2.31590873142,-1.47331007577,-0.970541367072
2002-09-16,0.583886760251,-1.6918307102,-0.674889384432,0.180490600453
2002-09-17,1.23778321306,-1.64229084295,1.03922318209,-0.958272294768
2002-09-18,0.171201998682,-1.10445039997,1.00472624567,0.0889725718243
2002-09-19,-1.18576026857,-0.587995479856,0.941439746891,-0.443618118773
2002-09-20,-0.685260197456,-0.129126965434,-0.500145026967,0.102105903581
2002-09-21,1.05715591606,0.458214538685,0.658267009943,0.259185970321
2002-09-22,-0.455365818947,0.9735877727,-0.707837097611,1.36879538055
2002-09-23,-1.47690886478,-0.538818429742,-0.90234168545,-0.387370037646
2002-09-24,0.585635487202,-0.839457113184,0.697474486178,-2.42378859793
2002-09-25,-1.79310111218,0.908539014761,-2.12349099468,-1.38800703405
2002-09-26,1.1413905596,0.597368464779,-0.401628007109,0.142969703925
